{
  "version": "v1.2-supervised-sim",
  "metrics": {
    "accuracy": 0.9720235591081194,
    "precision": 0.9693515076414705,
    "recall": 0.997619452474069,
    "f1": 0.9832823563916705
  },
  "counts": {
    "tp": 11734,
    "fp": 371,
    "tn": 2129,
    "fn": 28
  },
  "affinity_evaluation": {
    "simulated_hit_rate": 0.22,
    "gender_alignment_pct": 100
  },
  "ab_test_simulation": {
    "split": {
      "A": 7140,
      "B": 7122
    },
    "description": "Deterministic 50/50 split based on MD5 hash of idpessoa"
  },
  "timestamp": "2026-05-03T00:18:26.222Z"
}