{
  "version": "v1.2-supervised-sim",
  "metrics": {
    "accuracy": 0.9700603000981629,
    "precision": 0.9677654490969466,
    "recall": 0.9975788946401737,
    "f1": 0.9824460431654677
  },
  "counts": {
    "tp": 11949,
    "fp": 398,
    "tn": 1886,
    "fn": 29
  },
  "affinity_evaluation": {
    "simulated_hit_rate": 0.22,
    "gender_alignment_pct": 100
  },
  "ab_test_simulation": {
    "split": {
      "A": 7140,
      "B": 7122
    },
    "description": "Deterministic 50/50 split based on MD5 hash of idpessoa"
  },
  "timestamp": "2026-05-11T11:22:38.846Z"
}